"BSAs","AlleleFrequency.mean","AlleleFrequency.median"
"C37.M11.D10.filter",0.778375859762683,0.78
"C37.M11.D21.filter",0.631059276175924,0.63
"C37.M11.D3.filter",0.809945185797971,0.81
"C37.M21.D10.filter",0.823809505779427,0.83
"C37.M21.D21.filter",0.672457672618785,0.67
"C37.M21.D3.filter",0.851538952149179,0.859824561403509
"C39.M11.D10.filter",0.803642425885303,0.81
"C39.M11.D21.filter",0.539295169211379,0.79
"C39.M11.D3.filter",0.857446244026241,0.86
"C39.M21.D10.filter",0.878721122397741,0.89
"C39.M21.D21.filter",0.617753573006917,0.7
"C39.M21.D3.filter",0.879618998569763,0.88
"D.M11.T10.filter",0.845407932549686,0.85
"D.M11.T2.filter",0.90627150482831,0.91
"D.M11.T5.filter",0.916071428571429,0.95
"D.M11.T8.filter",0.890060627957304,0.9
"D.M21.T10.filter",0.835507066239793,0.84
"D.M21.T2.filter",0.910321485565317,0.91
"D.M21.T5.filter",0.905974855275874,0.91
"D.M21.T8.filter",0.892215132042311,0.9
"FG.BC.0196.filter",0.542404670218133,0.53
"FG.BC.0197.filter",0.552209951897621,0.55
"FG.BC.0198.filter",0.522658428702582,0.52
"FG.BC.0199.filter",0.558807644128308,0.55
"FG.BC.0200.filter",0.523275662125116,0.52
"FG.BC.0201.filter",0.545052001072662,0.54
"FG.BC.0202.filter",0.501419465009992,0.5
"FG.BC.0203.filter",0.516433671451263,0.51
"FG.BC.0204.filter",0.512784477577468,0.51
"FG.BC.0207.filter",0.48795913984514,0.48
"FG.BC.0210.filter",0.489443495005993,0.48
"FG.BC.0213.filter",0.532360941851384,0.53
"FG.BC.0216.filter",0.506014254062138,0.5
"FG.BC.0219.filter",0.508577897121687,0.5
"FG.BC.0222.filter",0.505564305416693,0.5
"FG.BC.0225.filter",0.512335194745874,0.51
"FG.BC.0228.filter",0.536723062001137,0.53
"FG.BC.0231.filter",0.519237330212814,0.51
"FG.BC.0234.filter",0.546659911326763,0.55
"FG.BC.0240.filter",0.502732227169315,0.5
"FG.BC.0243.filter",0.504897183111308,0.5
"FG.BC.0246.filter",0.506667667209004,0.5
"FG.BC.0249.filter",0.520244435171684,0.52
"FG.BC.0252.filter",0.518538445288085,0.51
"FG.BC.0255.filter",0.517318741215201,0.51
"FG.BC.0258.filter",0.506008437808864,0.5
"FG.BC.0261.filter",0.481881383326207,0.47
"FG.BC.0264.filter",0.432788692698566,0.44
"FG.BC.0267.filter",0.420409590329135,0.42
"FG.BC.0270.filter",0.526928195501781,0.52
"FG.BC.0273.filter",0.474587620193738,0.47
"FG.BC.0276.filter",0.431115721889939,0.43
"FG.BC.0279.filter",0.423096688192671,0.43
"FG.BC.0282.filter",0.494079745454069,0.49
"FG.BC.0285.filter",0.480466161090382,0.47
"FG.BC.0288.filter",0.482762643340116,0.47
"FG.BC.0300.filter",0.486310335104327,0.49
"FG.BC.0303.filter",0.475761185477125,0.48
"FG.BC.0306.filter",0.481039059662101,0.48
"FG.BC.0318.filter",0.501646808840567,0.49
"FG.BC.0321.filter",0.475629670555798,0.47
"FG.BC.0324.filter",0.474646087255667,0.47
"FG.BC.0327.filter",0.526589155699753,0.52
"FG.BC.0333.filter",0.493681964828167,0.49
"FG.BC.0336.filter",0.508081059560302,0.5
"FG.BC.0339.filter",0.541195682999802,0.55
"FG.BC.0342.filter",0.544846319992059,0.54
"FG.BC.0354.filter",0.508797513907849,0.5
"FG.BC.0357.filter",0.506569832300141,0.5
"FG.BC.0360.filter",0.506902298747907,0.5
"FG.BSA.0007.filter",0.670358206164242,0.7
"FG.BSA.0008.filter",0.646849358574885,0.89
"FG.BSA.0015.filter",0.931372549019608,0.98
"FG.BSA.0016.filter",0.779954215122137,0.78
"FG.BSA.0017.filter",0.749316928125047,0.75
"FG.BSA.0018.filter",0.94054054054054,0.96
"FG.BSA.0043.filter",0.786517699364883,0.79
"FG.BSA.0049.filter",0.77420508026015,0.78
"FG.BSA.0067.filter",0.840858810976532,0.84
"FG.BSA.0075.filter",0.82503485853596,0.83
"FG.BSA.0115.filter",0.886289192856203,0.89
"FG.BSA.0123.filter",0.850717165261104,0.85
"FG.BSA.0163.filter",0.892564506214462,0.89
"FG.BSA.0171.filter",0.775575825601725,0.77
"FG.BSA.0211.filter",0.882834020627529,0.884615384615385
"FG.BSA.0219.filter",0.673704182007571,0.67
"FG.BSA.0259.filter",0.83478789503574,0.83
"FG.BSA.0267.filter",0.610924632867079,0.61
"M.M11.T10.filter",0.767777644594661,0.77
"M.M11.T2.filter",0.937026105990817,0.95
"M.M11.T5.filter",0.931764705882353,0.95
"M.M11.T8.filter",0.913511135350948,0.95
"M.M21.T10.filter",0.828361183252571,0.83
"M.M21.T2.filter",0.935441176470588,0.95
"M.M21.T5.filter",0.912352941176471,0.91
"M.M21.T8.filter",0.93527348447006,0.96
"N.M1.filter",0.866991418782363,0.87
"N.M1.T0.2.filter",0.874286942696135,0.88
"N.M11.T10.filter",0.822259678733379,0.83
"N.M11.T2.filter",0.886778105351538,0.9
"N.M11.T5.filter",0.906184462081979,0.91
"N.M11.T8.filter",0.873425626364203,0.88
"N.M2.filter",0.843841814177507,0.85
"N.M2.T0.2.filter",0.881016778548658,0.88
"N.M21.T10.filter",0.85272704296842,0.86
"N.M21.T2.filter",0.899433545066993,0.91
"N.M21.T5.filter",0.910099373918572,0.91
"N.M21.T8.filter",0.885468618832027,0.89
"N.M3.filter",0.824512147642093,0.83
"N.M3.T0.2.filter",0.816970598472373,0.82
"N.M4.filter",0.81234738903828,0.81
"N.M4.T0.2.filter",0.815348663745152,0.81
