"","lod"
"1",1.616355695595
"2",1.75998283691315
"3",1.03745276122226
"4",2.15996535716521
"5",1.62998808623344
"6",1.63354230689907
"7",2.26877363127552
"8",2.62800279975527
"9",1.87230190792789
"10",2.6167269089419
"11",1.97596358086216
"12",1.4979562661473
"13",2.32945666833483
"14",1.93225587063141
"15",1.28354590074623
"16",2.41433054245667
"17",0.99227569780696
"18",2.70679167409656
"19",3.16005112295019
"20",1.62525788615015
"21",1.68116363793536
"22",1.13460277210622
"23",2.8153711541207
"24",2.75069912820825
"25",1.49416509002194
"26",2.61443744395559
"27",3.5795902154517
"28",1.95523519357313
"29",1.66473342628296
"30",2.38756633744238
"31",1.43474218916418
"32",3.29003747633914
"33",1.25907461297479
"34",1.64235483136738
"35",2.29685028755168
"36",1.23228576358495
"37",1.02406308015227
"38",2.23993920233711
"39",2.13836710754356
"40",1.79466120246033
"41",1.87561796204808
"42",1.68790297672473
"43",2.40411497958377
"44",2.8432723319994
"45",2.8682130475143
"46",2.0099109847895
"47",3.62509892749178
"48",1.57690946055116
"49",2.07201179564358
"50",2.91699303206092
"51",2.39009497342781
"52",1.90814814297289
"53",1.91860146383503
"54",1.23826282209184
"55",1.3717618349509
"56",2.04361973998658
"57",1.94823865433375
"58",1.90630082662842
"59",2.41762815504819
"60",3.33124965625046
"61",1.47429797661782
"62",2.47902176174074
"63",1.72421488449665
"64",3.13105306334005
"65",1.71041435293404
"66",4.45616954243913
"67",1.87316933428077
"68",1.80420815730905
"69",1.46582356262292
"70",2.18881606529875
"71",2.14892712542907
"72",1.90964700134265
"73",1.90055249690427
"74",1.80811527187961
"75",1.7300481182946
"76",2.45026961880838
"77",1.83924120813522
"78",1.67939530053012
"79",1.40604476258939
"80",1.69677426519212
"81",3.18185453086279
"82",1.5781147084699
"83",1.86506248649779
"84",1.74601584665156
"85",2.15070154967347
"86",1.9530059437986
"87",1.2766436156186
"88",2.71827777587472
"89",2.06189833448846
"90",3.07998788465396
"91",1.75402423801789
"92",1.72967545424713
"93",1.24201759685528
"94",2.05053675887908
"95",2.47770490234929
"96",1.85864932417331
"97",2.44993731919097
"98",2.55342350936911
"99",1.51521433847954
"100",1.47567464303205
"101",1.52121481047541
"102",1.92422431304949
"103",1.52132566251095
"104",2.45784237092197
"105",1.62912734174884
"106",1.77116436679086
"107",2.91481972109816
"108",1.90941309025453
"109",1.26120182501697
"110",1.24612883447072
"111",3.83197118354957
"112",2.29383890288524
"113",2.16794507363431
"114",1.79224572454496
"115",2.0054253034521
"116",1.83685290351021
"117",1.98843940737665
"118",2.97445786319118
"119",2.68565951708517
"120",2.38337435695122
"121",1.5201271593762
"122",2.17375316567153
"123",1.92085857362635
"124",2.19030345066081
"125",2.27284361756489
"126",1.53569205869944
"127",5.29562413427576
"128",2.00289827619433
"129",2.10311955883482
"130",2.16514158944821
"131",2.27842499023946
"132",2.83641453745587
"133",3.84784535583287
"134",2.26276730939043
"135",1.5639168615032
"136",2.02832846048888
"137",2.1532394324489
"138",1.57654542385326
"139",1.4528586518804
"140",3.04708765060283
"141",3.07683729442084
"142",1.30942867136922
"143",1.11320394086673
"144",1.76191411556874
"145",1.89447381837459
"146",2.39543916854318
"147",1.18533494770408
"148",1.30633880199402
"149",2.59794776579199
"150",1.23936891879721
"151",2.67494454608126
"152",2.64544201956075
"153",1.94382662958958
"154",1.90314100447796
"155",1.9236222245524
"156",2.20288282833914
"157",1.50633482960934
"158",2.34937827507011
"159",1.63796183840216
"160",3.63297711763559
"161",1.24509598540959
"162",1.71463577366283
"163",2.15419707211753
"164",1.46110004730146
"165",3.16274238112939
"166",1.2646665625772
"167",1.70950523913173
"168",2.09866773035071
"169",2.47430274268804
"170",1.56035327064602
"171",1.9796263245821
"172",2.28899940061666
"173",1.96575057913681
"174",1.70723656497385
"175",1.58791746950622
"176",3.03639102434718
"177",1.14539931185773
"178",2.75171272465609
"179",3.49418703681629
"180",1.397290088704
"181",1.8200687378466
"182",1.68518273473592
"183",1.88945805323162
"184",1.04412093799388
"185",1.96918262272382
"186",2.06894225257126
"187",1.44189995817571
"188",3.04757963540466
"189",2.65293725516874
"190",1.7076770690102
"191",1.22166193671428
"192",1.60395588767454
"193",1.57633834348584
"194",1.54075485456812
"195",3.42129303801167
"196",1.85870324117012
"197",1.44094813745511
"198",1.50071897777224
"199",3.4348909984832
"200",2.10926657378766
"201",2.32055903265612
"202",2.10162232459123
"203",1.83155432530212
"204",1.68147052755081
"205",2.11483281413399
"206",1.59568560458381
"207",1.50720562377738
"208",1.94584848823705
"209",1.73330117650326
"210",1.87500290804233
"211",2.04448553564102
"212",1.91480111417168
"213",1.92819159509001
"214",1.94846447623689
"215",2.0931770732854
"216",2.62648429367418
"217",2.79216048402198
"218",2.09316519432242
"219",1.37359834640765
"220",3.20965112592278
"221",1.79610654509109
"222",3.706346144135
"223",1.42994122941577
"224",1.96392943336129
"225",3.05360665094912
"226",2.10214094260797
"227",1.74583518196026
"228",2.00899943046502
"229",1.41759211740906
"230",1.9167592357
"231",4.31033758326211
"232",2.15245033934147
"233",2.18691086613555
"234",2.0064349475677
"235",1.92580660585342
"236",2.11892937611648
"237",1.78892779437776
"238",1.60757452133632
"239",1.82059940731251
"240",1.9462779303108
"241",2.07922531675614
"242",1.9676074883824
"243",1.68082465903407
"244",4.89126827502061
"245",1.93648981630673
"246",1.81172309598767
"247",1.85524876462544
"248",1.26331401522148
"249",2.23628283996449
"250",2.8138617943353
"251",1.66394207261183
"252",1.36808809678858
"253",1.83240022834268
"254",1.41324623429668
"255",1.12740203848963
"256",3.89837584694162
"257",2.42327526429847
"258",1.53862489245755
"259",1.95890930065198
"260",1.65184426338514
"261",1.2245785320564
"262",1.12102407130185
"263",1.59430839697612
"264",1.53276508142854
"265",1.96131719319411
"266",1.39963841689655
"267",2.41793930358006
"268",3.36722356674819
"269",1.59463112892729
"270",1.84141657632397
"271",2.8790100790677
"272",2.38160039001231
"273",2.39997425954711
"274",1.70779263454807
"275",2.02261587125651
"276",2.30384662389544
"277",1.07763451371787
"278",1.73895170850261
"279",1.69664868628094
"280",1.97967955466142
"281",1.28401831290265
"282",3.01885896914497
"283",1.27605438329519
"284",4.0330993523739
"285",1.77259077388467
"286",3.59356135500857
"287",3.12547447697261
"288",2.69745621082456
"289",1.77203739935273
"290",2.23402208641656
"291",1.70997091063187
"292",2.01048290001376
"293",2.7198839900157
"294",2.19376001319884
"295",3.10940128673174
"296",1.59794825911959
"297",2.53577245441703
"298",2.46898703532018
"299",2.35833899248834
"300",2.10218448662852
"301",2.59479388581356
"302",2.05394620756952
"303",2.07819484230009
"304",3.06186352490138
"305",1.30068594748262
"306",2.35158397521489
"307",1.31835386481718
"308",1.63531366952637
"309",2.70128609032032
"310",2.77681677687201
"311",2.55512235302042
"312",3.01640260233161
"313",1.92642670124356
"314",2.61442850531807
"315",1.58815885898491
"316",3.90825523263511
"317",2.33871579398108
"318",2.56018718292198
"319",2.49682668013433
"320",1.7366830209627
"321",1.98383255701536
"322",1.96982678436223
"323",1.74224763413126
"324",2.12784591090718
"325",2.60978495731339
"326",2.31273180395118
"327",1.52396567120203
"328",2.55269749107553
"329",1.60594740267338
"330",2.16089687614655
"331",2.24621368432834
"332",2.14748432149712
"333",2.49423798518424
"334",1.98153531008585
"335",1.53155190084381
"336",1.49206379761561
"337",2.13586230200782
"338",2.12617531398547
"339",1.89289320445528
"340",1.82479075834578
"341",2.07797790997715
"342",3.01923618723467
"343",3.16553443054258
"344",2.17682062056799
"345",2.40034853311781
"346",2.06701883790295
"347",1.40261025149383
"348",1.66848867790489
"349",1.4950871567674
"350",1.2882853479075
"351",2.99398676257088
"352",4.57839586785066
"353",1.64934417282296
"354",1.66738661233909
"355",2.58194718602327
"356",2.83894509406772
"357",2.48714231925752
"358",3.12464415375841
"359",2.12040850881684
"360",3.1952436712626
"361",1.2812921706732
"362",2.93580011483148
"363",1.80308182706021
"364",2.7536937647934
"365",1.6782333720176
"366",1.89614956644033
"367",1.42467075644385
"368",2.08206463420917
"369",1.90415105106597
"370",2.78735960156401
"371",2.56304503169235
"372",1.65417895262654
"373",2.10309196010084
"374",1.20986365820372
"375",2.72648307036663
"376",2.00348431070032
"377",1.70547495892474
"378",1.48805621119277
"379",2.70144549496261
"380",1.84165404839557
"381",1.96376278972301
"382",2.72548215425874
"383",1.8632262075816
"384",2.00374784995518
"385",2.2443995294839
"386",1.43531773317893
"387",1.77414527946331
"388",1.68291525286217
"389",2.1900639531199
"390",1.858721206491
"391",1.97102719262382
"392",2.66738872491653
"393",2.40266881063377
"394",2.24010773817162
"395",1.07833193379382
"396",1.37920542719549
"397",2.68039364103373
"398",2.23963633381301
"399",1.78486341061178
"400",2.10534601820858
"401",1.68339740637393
"402",2.66779966842896
"403",1.65218575240468
"404",1.64441751421178
"405",2.05846258388763
"406",3.24629660922254
"407",2.42966736602547
"408",1.0701833967552
"409",1.47748294462184
"410",2.14871031650387
"411",1.49835789519229
"412",1.69102209262077
"413",2.03581388787535
"414",2.40364328589733
"415",2.08534223820391
"416",2.03753938190107
"417",1.31069564318287
"418",1.71188963127604
"419",2.15347845969038
"420",1.72214971475663
"421",1.68304086680737
"422",1.56780119413079
"423",2.71108027010324
"424",1.08512695305448
"425",2.73530081944341
"426",2.60956943965476
"427",1.88741459665088
"428",2.16981208285451
"429",1.69158440895433
"430",2.01209927894715
"431",1.23894814235442
"432",1.87723146847294
"433",1.22149843841517
"434",2.91923979863506
"435",2.27733590228506
"436",1.18016133996812
"437",2.15105224754804
"438",2.35696820974266
"439",1.2994150699824
"440",1.85976670000747
"441",1.74376110203742
"442",2.22129800808989
"443",1.58582607166684
"444",2.75533101406505
"445",2.84956521232802
"446",1.96311911196952
"447",1.43430284693224
"448",1.55660761431984
"449",2.58669367331949
"450",1.49009205950256
"451",1.70924039029919
"452",2.98180977110869
"453",1.35657725024114
"454",1.79681157047915
"455",2.40226871784665
"456",1.9810484265813
"457",2.20004383369424
"458",2.10507234243082
"459",1.95033391094771
"460",1.51206885624528
"461",1.58732389666186
"462",1.93444083204989
"463",1.45884734889131
"464",2.0392394218634
"465",2.1138627666314
"466",1.00921580406083
"467",1.53855657403105
"468",1.59636660981811
"469",1.882964621094
"470",2.26556253092795
"471",2.10271023012926
"472",1.7618307853855
"473",1.44010703774811
"474",3.08086883858492
"475",1.19508156661219
"476",2.38004908422005
"477",1.84662204609081
"478",2.08744200401902
"479",3.37521622401313
"480",1.45678867488218
"481",1.86622892286438
"482",1.78803442560142
"483",1.96432223072911
"484",2.95455062932007
"485",1.12443992297226
"486",1.94214177068518
"487",1.51066620596632
"488",1.91390187399948
"489",2.00559773042944
"490",1.79073014039726
"491",1.39398126062953
"492",1.88598182629731
"493",1.76069026682107
"494",1.88780838707467
"495",2.03665786809218
"496",1.94413477324515
"497",2.3141885262358
"498",3.05055620385832
"499",2.51272884117132
"500",3.21672882311029
"501",1.39754784727133
"502",1.64183741530947
"503",2.72425216588088
"504",2.18443555170738
"505",2.60831793477657
"506",1.90623924776904
"507",1.86525766495215
"508",2.2736495742928
"509",2.94075474212868
"510",2.22455748835074
"511",1.60237707730953
"512",1.77383920255487
"513",3.15156813130989
"514",2.428156278034
"515",1.42368581130938
"516",2.23648848325236
"517",2.28747992094783
"518",2.18438347843916
"519",1.1924708702897
"520",1.556615665392
"521",1.95008902142534
"522",1.45834974014095
"523",1.91534594111023
"524",3.51855666012487
"525",3.44070848167031
"526",2.72421831644913
"527",1.75959602402163
"528",1.24314230036586
"529",2.68297843358091
"530",1.39253989758679
"531",1.95398094100182
"532",2.0156608092105
"533",2.49762936685239
"534",1.558850637733
"535",1.95791185784977
"536",2.55806139384637
"537",2.12572253778536
"538",2.72348230079928
"539",1.08966340830371
"540",1.57504509447695
"541",1.3745616225295
"542",1.7941545853639
"543",3.50999983907137
"544",1.65596475830314
"545",1.38943861966243
"546",2.44461263383978
"547",3.1638744692947
"548",2.03253883563706
"549",1.96817645869324
"550",1.46520884679155
"551",1.43686225620631
"552",2.13376445828115
"553",3.13615563654614
"554",2.20306732160599
"555",3.71569516591268
"556",1.63402335458251
"557",1.22770893384659
"558",1.35588040130601
"559",3.18261564890534
"560",1.47059821154889
"561",1.67798733402722
"562",1.95865955605893
"563",1.75362165468161
"564",1.88105624961943
"565",1.66416247661844
"566",3.48443385991442
"567",2.19002880351003
"568",1.38910995922433
"569",1.47232087585232
"570",2.05709578818754
"571",2.82007529444823
"572",1.71870529611793
"573",2.53339379895918
"574",1.12765926339726
"575",1.4893777858275
"576",2.30811836407693
"577",2.04208488158521
"578",1.9933773119426
"579",2.28057077404576
"580",2.3703805586097
"581",2.21932749038676
"582",1.616299426339
"583",1.85177249502699
"584",1.42597837557479
"585",1.69271582497538
"586",1.23677034771265
"587",2.94985161476757
"588",1.7860465637595
"589",1.54686242206243
"590",5.0304878745967
"591",3.25894506288734
"592",2.51776606303311
"593",1.7803474180196
"594",1.70537999063207
"595",2.13643921488456
"596",1.47456056619573
"597",1.77287034146242
"598",2.82060087459263
"599",2.02892937977226
"600",1.92715250003452
"601",3.2756199406339
"602",1.28921699071341
"603",1.63601216534296
"604",2.01673856852973
"605",1.74975502812757
"606",1.62279549439592
"607",2.82597046028873
"608",2.04960221521898
"609",2.71739495024194
"610",5.64860993027989
"611",1.37792256276228
"612",2.61657704850177
"613",1.37551241414793
"614",2.42437899028685
"615",2.05484080042712
"616",2.62220589309312
"617",1.02615369268344
"618",1.99382719648263
"619",2.25039016122878
"620",1.38637734137946
"621",2.7911359109677
"622",1.61744030887073
"623",1.68458410326151
"624",1.71963586648758
"625",2.04554090087642
"626",2.49322938283127
"627",1.91096381524262
"628",2.53982500107571
"629",2.70138944564144
"630",1.85955247245566
"631",2.39132097406974
"632",1.23867653713837
"633",1.94077125037934
"634",2.13286242863214
"635",2.57822603694495
"636",2.75240382125281
"637",2.28987613378435
"638",1.70160633291862
"639",1.86808017452812
"640",1.02731937728043
"641",2.5219491944891
"642",2.36856431201107
"643",2.92711363175654
"644",2.50934598784735
"645",2.47767386490446
"646",1.3866586963847
"647",1.14263349589567
"648",1.63357085619502
"649",1.99532025728556
"650",2.27461721681112
"651",1.55975753153308
"652",1.00238130556286
"653",1.39532205844026
"654",2.51541211817792
"655",3.05149347117603
"656",1.364593640195
"657",1.23045430948189
"658",2.83923704170091
"659",1.61764823986915
"660",2.16537361201598
"661",3.2816397183918
"662",2.48137310004169
"663",1.79397166826202
"664",1.89240881888779
"665",1.3947696716194
"666",2.44858168308453
"667",2.8913164010804
"668",1.73695470288661
"669",1.58853183597066
"670",1.65834861977152
"671",1.75569057109028
"672",2.29493283416264
"673",2.85909206434175
"674",1.42535116244905
"675",1.73109199859937
"676",2.41493355319314
"677",2.58959359892459
"678",4.96493015949183
"679",2.5716174334395
"680",1.87988998717779
"681",1.7554083438644
"682",1.11998825642857
"683",3.17820943380951
"684",2.07607666793695
"685",2.50359513752346
"686",2.86435767335846
"687",1.78196560367888
"688",1.50301943078674
"689",1.42560767344992
"690",1.67715526131413
"691",1.92924781127813
"692",2.25430995658242
"693",2.39487719451974
"694",1.59033340264249
"695",2.91421432248129
"696",1.35564389208292
"697",1.92299297719185
"698",2.20592162493409
"699",3.66543329919988
"700",3.31166574248726
"701",1.40525522281855
"702",1.85186457418082
"703",1.42355770894449
"704",1.42136228231813
"705",2.13588112849706
"706",2.57753974483222
"707",3.40435042077392
"708",3.26843003153019
"709",1.43694826061305
"710",1.47701956181287
"711",1.5731675583902
"712",2.23134097824818
"713",1.6874282474937
"714",2.14739350772933
"715",1.39877522885095
"716",1.93820137484067
"717",1.89919128729382
"718",2.11930575462638
"719",1.67076640139547
"720",2.60312087250755
"721",1.67374369569163
"722",2.78618078590183
"723",2.52644259433976
"724",1.12829322993238
"725",1.94580905163325
"726",1.25711408974463
"727",2.30712532148731
"728",3.60001042939433
"729",1.92869665154737
"730",2.5640409779285
"731",1.57770701272821
"732",2.46704051874579
"733",3.49793619785555
"734",2.21558519418303
"735",4.42253885343894
"736",2.83984293504068
"737",1.76787187505496
"738",1.77630656029301
"739",4.58229255462366
"740",1.60610180542217
"741",1.68153005442035
"742",2.00407631784628
"743",2.14508616808382
"744",3.96984555739843
"745",2.01689557745469
"746",2.14580844389383
"747",1.44098180555352
"748",2.00457252410814
"749",3.06314582334863
"750",1.83992787714685
"751",1.10974825016544
"752",1.58036845864785
"753",1.54792907069621
"754",2.35812138858211
"755",2.07337400040788
"756",2.01851295495749
"757",2.12536524309945
"758",1.82187065614519
"759",1.626835707677
"760",2.72124152973056
"761",1.83668099312852
"762",2.04639526219383
"763",1.62418495393339
"764",1.71611220863733
"765",1.54435900514974
"766",1.92458330392741
"767",2.38674591113141
"768",4.06579834058698
"769",1.83816135116639
"770",2.20022983001428
"771",2.23005905924698
"772",2.1706347795009
"773",2.69369211859933
"774",1.79577538843397
"775",1.25540748269825
"776",3.76267797958877
"777",3.17859046704621
"778",2.0707663826481
"779",2.30906256197181
"780",1.52886627659468
"781",2.01853149771104
"782",1.88955702593081
"783",1.74929250468315
"784",2.80327723531526
"785",1.94017738211411
"786",1.89300662305787
"787",1.71723636269537
"788",1.61069663817202
"789",1.02125258737189
"790",1.39360254142673
"791",1.79721574700802
"792",2.66824842913498
"793",2.10921526042871
"794",1.90947205539668
"795",4.06023023527148
"796",1.99018520669583
"797",2.7155130417047
"798",1.72747316078288
"799",1.77320684691124
"800",2.79885954502979
"801",2.88094214450814
"802",1.31786013575476
"803",1.59578796993566
"804",2.09857061084543
"805",2.28611711113983
"806",1.46466127792104
"807",1.96271888126034
"808",3.04317295595334
"809",1.87316387624597
"810",2.35593860997015
"811",2.41750474959109
"812",4.34527271936942
"813",1.59429109888781
"814",3.3235228193757
"815",2.45681485453754
"816",1.24566247502314
"817",1.31576694695872
"818",1.26320117860558
"819",2.25998193195927
"820",2.04501553554856
"821",3.03938693226026
"822",1.87506311125638
"823",1.47510612095661
"824",2.26656898915827
"825",2.45613798839041
"826",2.6243128416951
"827",2.33913125453923
"828",2.32900615738579
"829",2.22330360957454
"830",3.08521626460301
"831",2.46831724241613
"832",1.54785781251836
"833",2.03772561723989
"834",2.47756460606917
"835",1.28107812483968
"836",2.09645818116169
"837",2.59373841720029
"838",4.29786879657982
"839",2.12445369759264
"840",2.87011162657592
"841",1.7903913625377
"842",2.63642395759651
"843",3.77025450735324
"844",1.28258760189618
"845",2.28190538901318
"846",2.14451060448641
"847",2.74535979078237
"848",2.41092345782162
"849",1.12295255168216
"850",2.75671382256049
"851",2.44022228821106
"852",1.87992848768259
"853",2.59847740620782
"854",1.86543713671311
"855",3.55619174231306
"856",2.46033356310028
"857",1.69848575549814
"858",1.58937849961846
"859",2.65675157915193
"860",1.40083384568437
"861",2.93678482431056
"862",3.26757642785591
"863",1.49120284661201
"864",2.2102955665173
"865",2.20381928190604
"866",2.48410681673369
"867",1.03512479765618
"868",1.29633262684563
"869",2.36932936360725
"870",2.86915059966137
"871",2.64979901725104
"872",2.18201375805953
"873",2.08371509544827
"874",1.74527252288843
"875",2.38128256623735
"876",1.89402478383109
"877",1.95314883472714
"878",2.86642898713505
"879",1.86086925765356
"880",2.27516656066628
"881",2.56830084214553
"882",2.36605860122994
"883",1.75046042596205
"884",1.8885070726523
"885",2.24123871023791
"886",1.87110940984347
"887",2.65573638625688
"888",1.85471968729703
"889",1.84534503128928
"890",1.43590463968782
"891",1.85786768170911
"892",2.20343190736607
"893",2.09865553120184
"894",2.42350793381158
"895",1.39514548026327
"896",2.49866505326813
"897",1.8845735279172
"898",2.22684101407712
"899",1.61849833453356
"900",2.06829157393219
"901",1.5695261580678
"902",1.72031975643928
"903",1.51126584719199
"904",1.87941102035158
"905",2.74880101450863
"906",2.7483842263258
"907",2.00273244355722
"908",2.76391977160908
"909",2.42909743299444
"910",2.56529622008895
"911",1.66390773246097
"912",2.62613387269033
"913",1.78253663463425
"914",1.23712321794494
"915",2.47341492932065
"916",1.6639574701142
"917",2.46835353102266
"918",2.04150823265385
"919",1.75276276910581
"920",1.77258974916739
"921",1.9714862989422
"922",2.84373545846741
"923",2.76599108299575
"924",1.95347220484794
"925",1.16794024347581
"926",3.24040444998339
"927",1.40202414054289
"928",1.76129401629687
"929",2.00166047055238
"930",2.73322316066489
"931",1.53336499291274
"932",3.39790153329619
"933",2.19256704439429
"934",1.6601385666236
"935",1.56210804661202
"936",1.5428359857943
"937",2.75713448711589
"938",1.97670650495786
"939",3.92194493075833
"940",2.14072970337139
"941",2.3088522332349
"942",3.49200122769618
"943",1.5922442457081
"944",2.47527933200527
"945",2.71169384022349
"946",1.15314682616946
"947",1.77217792430852
"948",1.77610502448456
"949",2.24684339849917
"950",2.10473526836053
"951",2.99379445411077
"952",3.08293480637467
"953",2.15288517802711
"954",3.74495065809479
"955",1.60921396062342
"956",1.98275913089263
"957",2.02743558573216
"958",2.41176708265425
"959",1.982881692953
"960",2.63616474682765
"961",2.08711407093841
"962",2.31236995678701
"963",2.25388775723542
"964",1.48737108740745
"965",1.87223712866556
"966",2.0854079566618
"967",2.25569519490541
"968",2.4375969801798
"969",2.60410264615251
"970",2.6235516362556
"971",1.57669582305334
"972",1.10161381754462
"973",2.1966647793473
"974",1.36006334446719
"975",3.05238284005215
"976",2.5408946194167
"977",1.62753103344467
"978",1.83512438078208
"979",2.70547721901002
"980",1.06644504891246
"981",1.28975205169957
"982",1.86842639016908
"983",2.93079335435107
"984",1.59029560244097
"985",1.52094804205855
"986",2.60866283357552
"987",1.54259812634966
"988",2.04238091809641
"989",1.99370539510629
"990",2.39887919773967
"991",1.47166202771207
"992",1.33389634091316
"993",1.70773659876396
"994",1.80535562831581
"995",2.08548475583569
"996",1.53705825598391
"997",2.47342040843841
"998",2.21717218203567
"999",1.78695185055865
"1000",2.17472802349809
